{
  "parent": "block/cube",
  "textures": {
    "down": "infinitytrain:blocks/fragile_crafting_table_bottom",
    "up": "infinitytrain:blocks/fragile_crafting_table_top",
    "north": "infinitytrain:blocks/fragile_crafting_table_front",
    "east": "infinitytrain:blocks/fragile_crafting_table_left",
    "south": "infinitytrain:blocks/fragile_crafting_table_back",
    "west": "infinitytrain:blocks/fragile_crafting_table_right",
    "particle": "infinitytrain:blocks/fragile_crafting_table_bottom"
  }
}