{
  "_fv": 6,
  "_type": "mob",
  "definition": {
    "mobName": "Ghom",
    "mobLabel": "",
    "mobModelTexture": "wasteland_tar.png",
    "mobModelName": "Silverfish",
    "modelWidth": 0.4,
    "modelHeight": 0.3,
    "modelShadowSize": 0.5,
    "armorBaseValue": 0.0,
    "hasSpawnEgg": true,
    "spawnEggBaseColor": {
      "value": -1,
      "falpha": 0.0
    },
    "spawnEggDotColor": {
      "value": -1,
      "falpha": 0.0
    },
    "creativeTab": {
      "value": "MISC"
    },
    "isBoss": false,
    "bossBarColor": "PINK",
    "bossBarType": "PROGRESS",
    "equipmentMainHand": {
      "value": ""
    },
    "equipmentOffHand": {
      "value": ""
    },
    "equipmentHelmet": {
      "value": ""
    },
    "equipmentBody": {
      "value": ""
    },
    "equipmentLeggings": {
      "value": ""
    },
    "equipmentBoots": {
      "value": ""
    },
    "mobBehaviourType": "Mob",
    "mobCreatureType": "ILLAGER",
    "attackStrength": 20,
    "movementSpeed": 0.3,
    "trackingRange": 2048,
    "health": 100,
    "xpAmount": 0,
    "waterMob": true,
    "flyingMob": false,
    "disableCollisions": false,
    "ridable": false,
    "canControlForward": false,
    "canControlStrafe": false,
    "immuneToFire": true,
    "immuneToArrows": true,
    "immuneToFallDamage": true,
    "immuneToCactus": true,
    "immuneToDrowning": true,
    "immuneToLightning": true,
    "immuneToPotions": true,
    "immuneToPlayer": true,
    "mobDrop": {
      "value": ""
    },
    "livingSound": {
      "value": ""
    },
    "hurtSound": {
      "value": "entity.generic.hurt"
    },
    "deathSound": {
      "value": "entity.generic.death"
    },
    "spawnParticles": false,
    "particleToSpawn": {
      "value": "SPIT"
    },
    "particleSpawningShape": "Spread",
    "particleSpawningRadious": 0.5,
    "particleAmount": 4,
    "particleSpawningCondition": "ALWAYS",
    "whenMobIsHurt": {
      "name": "GhomEntityIsHurt"
    },
    "whenThisMobKillsAnother": {
      "name": "GhomThisEntityKillsAnotherOne"
    },
    "hasAI": true,
    "aiBase": "(none)",
    "aixml": "<xml xmlns=\"https://developers.google.com/blockly/xml\"><block type=\"aitasks_container\" deletable=\"false\" x=\"48\" y=\"58\"><next><block type=\"attack_action\"><field name=\"callhelp\">FALSE</field><next><block type=\"attack_on_collide\"><field name=\"speed\">2</field><field name=\"longmemory\">TRUE</field><next><block type=\"wander\"><field name=\"speed\">5</field><next><block type=\"look_around\"><next><block type=\"swim_in_water\"><next><block type=\"leap_at_target\"><field name=\"speed\">3</field></block></next></block></next></block></next></block></next></block></next></block></next></block></xml>",
    "breedable": false,
    "breedTriggerItems": [],
    "ranged": false,
    "rangedAttackItem": {
      "value": ""
    },
    "spawnThisMob": true,
    "doesDespawnWhenIdle": true,
    "spawningProbability": 20,
    "mobSpawningType": "monster",
    "minNumberOfMobsPerGroup": 3,
    "maxNumberOfMobsPerGroup": 30,
    "restrictionBiomes": [],
    "spawnInDungeons": false
  }
}